Header_Length,Protocol Type,Time_To_Live,Rate,fin_flag_number,syn_flag_number,rst_flag_number,psh_flag_number,ack_flag_number,ece_flag_number,cwr_flag_number,ack_count,syn_count,fin_count,rst_count,HTTP,HTTPS,DNS,Telnet,SMTP,SSH,IRC,TCP,UDP,DHCP,ARP,ICMP,IGMP,IPv,LLC,Tot sum,Min,Max,AVG,Std,Tot size,IAT,Number,Variance
4.0,17,64.0,2.186050816942094,0.0,0.0,0.0,0.0,0.0,0.0,0.0,0,0,0,0,0.0,0.0,0.0,0.0,0.0,0.0,0.0,0.0,0.5,0.4,0.4,0.0,0.1,0.6,0.6,1933,60,355,193.3,144.70049527673822,193.3,0.4574459075927734,10,20938.233333333337
24.8,6,76.7,35.706627551702326,0.0,0.1,0.0,0.3,0.6,0.0,0.0,6,1,0,0,0.0,0.7,0.1,0.0,0.0,0.0,0.0,0.7,0.2,0.0,0.1,0.0,0.0,0.9,0.9,2743,60,1443,274.3,427.59041928774167,274.3,0.0391812086105346,10,182833.5666666667
21.6,6,74.9,46.289841253023965,0.0,0.1,0.0,0.3,0.6,0.0,0.0,6,1,0,0,0.0,0.6,0.1,0.0,0.0,0.0,0.0,0.6,0.2,0.0,0.1,0.0,0.1,0.9,0.9,4232,60,2876,423.2,870.4159669695608,423.2,0.0360492944717407,10,757623.9555555556
24.8,6,117.7,30.74538596077132,0.0,0.0,0.0,0.5,0.7,0.0,0.0,7,0,0,0,0.0,0.7,0.0,0.0,0.0,0.0,0.0,0.7,0.3,0.0,0.0,0.0,0.0,1.0,1.0,2300,66,598,230.0,156.1103598242104,230.0,0.0399420976638793,10,24370.444444444445
28.0,6,64.0,38.01602285509187,0.0,0.1,0.0,0.2,0.7,0.0,0.0,7,1,0,0,0.0,0.8,0.2,0.0,0.0,0.0,0.0,0.8,0.2,0.0,0.0,0.0,0.0,1.0,1.0,2166,66,1007,216.6,320.9067708160043,216.6,0.0314945936203002,10,102981.15555555554
26.0,6,83.1,79.57472158454912,0.1,0.0,0.3,0.4,0.6,0.0,0.0,6,0,1,3,0.0,0.9,0.0,0.0,0.0,0.0,0.0,0.9,0.1,0.0,0.0,0.0,0.0,1.0,1.0,3323,60,1419,332.3,482.4790266023085,332.3,0.0149556159973144,10,232786.01111111115
24.8,6,66.1,27.64080367357483,0.0,0.1,0.0,0.4,0.7,0.0,0.0,7,1,0,0,0.0,0.7,0.2,0.0,0.0,0.0,0.0,0.7,0.2,0.0,0.1,0.0,0.0,0.9,0.9,4689,60,2882,468.9,869.8457653834704,468.9,0.0384557962417602,10,756631.6555555555
20.0,6,118.0,9.98991077850872,0.1,0.0,0.0,0.3,0.5,0.0,0.0,5,0,1,0,0.0,0.5,0.2,0.0,0.0,0.0,0.0,0.5,0.5,0.0,0.0,0.0,0.0,1.0,1.0,2611,66,1191,261.1,340.9771742116081,261.1,0.1001049995422363,10,116265.43333333332
32.8,6,64.0,45.74819158311737,0.0,0.1,0.0,0.4,0.9,0.0,0.0,9,1,0,0,0.0,1.0,0.0,0.0,0.0,0.0,0.0,1.0,0.0,0.0,0.0,0.0,0.0,1.0,1.0,3353,66,1434,335.3,448.327521647586,335.3,0.0329330921173095,10,200997.56666666668
28.0,6,75.6,30.49626640491511,0.0,0.1,0.0,0.3,0.8,0.0,0.0,8,1,0,0,0.0,0.8,0.2,0.0,0.0,0.0,0.0,0.8,0.2,0.0,0.0,0.0,0.0,1.0,1.0,1254,66,236,125.4,73.03758545357923,125.4,0.0327908992767334,10,5334.488888888888
27.2,6,60.4,26.264367960043984,0.0,0.0,0.0,0.5,0.8,0.0,0.0,8,0,0,0,0.0,0.8,0.2,0.0,0.0,0.0,0.0,0.8,0.2,0.0,0.0,0.0,0.0,1.0,1.0,5074,66,2882,507.4,915.9798881828988,507.4,0.0401492118835449,10,839019.1555555555
30.4,6,82.1,47.30325572582792,0.0,0.1,0.0,0.2,0.8,0.0,0.0,8,1,0,0,0.0,0.9,0.0,0.0,0.0,0.0,0.0,0.9,0.1,0.0,0.0,0.0,0.0,1.0,1.0,3571,66,2402,357.1,728.034866381183,357.1,0.0218946933746337,10,530034.7666666668
28.0,6,75.2,29.40302996101612,0.0,0.1,0.0,0.6,0.8,0.0,0.0,8,1,0,0,0.0,0.8,0.2,0.0,0.0,0.0,0.0,0.8,0.2,0.0,0.0,0.0,0.0,1.0,1.0,5458,66,2882,545.8,919.6033927732108,545.8,0.037395691871643,10,845670.3999999999
27.2,6,60.0,23.73577668482656,0.0,0.0,0.0,0.5,0.8,0.0,0.0,8,0,0,0,0.0,0.8,0.2,0.0,0.0,0.0,0.0,0.8,0.2,0.0,0.0,0.0,0.0,1.0,1.0,4756,66,2882,475.6,902.1378559350622,475.6,0.0476145982742309,10,813852.7111111112
32.8,6,64.0,41.7036609859407,0.0,0.1,0.0,0.4,0.9,0.0,0.0,9,1,0,0,0.0,1.0,0.0,0.0,0.0,0.0,0.0,1.0,0.0,0.0,0.0,0.0,0.0,1.0,1.0,2750,66,1435,275.0,439.0474537754053,275.0,0.0276276111602783,10,192762.66666666663
20.8,6,76.8,44.83201504980974,0.1,0.1,0.0,0.1,0.4,0.0,0.0,4,1,1,0,0.0,0.5,0.5,0.0,0.0,0.0,0.0,0.5,0.5,0.0,0.0,0.0,0.0,1.0,1.0,1413,66,583,141.3,160.5331741416708,141.3,0.0223310947418212,10,25770.9
31.2,6,63.4,154.22333185028845,0.0,0.2,0.0,0.3,0.8,0.0,0.0,8,2,0,0,0.0,0.9,0.1,0.0,0.0,0.0,0.0,0.9,0.1,0.0,0.0,0.0,0.0,1.0,1.0,2534,66,1435,253.4,426.91690578430416,253.4,0.0064841032028198,10,182258.04444444444
27.2,6,62.5,159.11684035220165,0.0,0.0,0.0,0.4,0.8,0.0,0.0,8,0,0,0,0.0,0.8,0.2,0.0,0.0,0.0,0.0,0.8,0.2,0.0,0.0,0.0,0.0,1.0,1.0,4930,66,2882,493.0,891.1525620727849,493.0,0.0103755950927734,10,794152.8888888889
32.8,6,62.0,117.02334717200124,0.0,0.1,0.0,0.7,0.9,0.0,0.0,9,1,0,0,0.0,1.0,0.0,0.0,0.0,0.0,0.0,1.0,0.0,0.0,0.0,0.0,0.0,1.0,1.0,2622,66,729,262.2,255.43940355569435,262.2,0.0085453033447265,10,65249.28888888887
32.0,6,63.4,1634.5052803865788,0.1,0.0,0.0,0.2,1.0,0.0,0.0,10,0,1,0,0.0,1.0,0.0,0.0,0.0,0.0,0.0,1.0,0.0,0.0,0.0,0.0,0.0,1.0,1.0,1932,66,1274,193.2,380.2866754904194,193.2,0.0009515047073364,10,144617.95555555553
29.6,6,69.8,1982.5600302514652,0.0,0.0,0.0,0.1,0.9,0.0,0.0,9,0,0,0,0.0,0.9,0.1,0.0,0.0,0.0,0.0,0.9,0.1,0.0,0.0,0.0,0.0,1.0,1.0,10981,66,1494,1098.1,640.9611619365959,1098.1,0.0005043983459472,10,410831.2111111112
32.0,6,64.0,4955.463137996219,0.0,0.0,0.0,0.1,1.0,0.0,0.0,10,0,0,0,0.0,1.0,0.0,0.0,0.0,0.0,0.0,1.0,0.0,0.0,0.0,0.0,0.0,1.0,1.0,14940,1494,1494,1494.0,0.0,1494.0,0.0017143011093139,10,0.0
29.6,6,70.4,548.1532208528823,0.0,0.0,0.0,0.1,0.9,0.0,0.0,9,0,0,0,0.0,0.9,0.1,0.0,0.0,0.0,0.0,0.9,0.1,0.0,0.0,0.0,0.0,1.0,1.0,11986,66,1494,1198.6,567.9749994497997,1198.6,0.0019571065902709,10,322595.6
32.0,6,64.0,7558.666426383132,0.0,0.0,0.0,0.0,1.0,0.0,0.0,10,0,0,0,0.0,1.0,0.0,0.0,0.0,0.0,0.0,1.0,0.0,0.0,0.0,0.0,0.0,1.0,1.0,14940,1494,1494,1494.0,0.0,1494.0,0.0001372814178466,10,0.0
32.0,6,64.0,9929.69696969697,0.0,0.0,0.0,0.2,1.0,0.0,0.0,10,0,0,0,0.0,1.0,0.0,0.0,0.0,0.0,0.0,1.0,0.0,0.0,0.0,0.0,0.0,1.0,1.0,13512,66,1494,1351.2,451.5732498720446,1351.2,0.0001068115234375,10,203918.4
32.0,6,64.0,7710.117647058823,0.0,0.0,0.0,0.0,1.0,0.0,0.0,10,0,0,0,0.0,1.0,0.0,0.0,0.0,0.0,0.0,1.0,0.0,0.0,0.0,0.0,0.0,1.0,1.0,14940,1494,1494,1494.0,0.0,1494.0,0.0001296997070312,10,0.0
32.0,6,64.0,542.0888423610303,0.0,0.0,0.0,0.1,1.0,0.0,0.0,10,0,0,0,0.0,1.0,0.0,0.0,0.0,0.0,0.0,1.0,0.0,0.0,0.0,0.0,0.0,1.0,1.0,13538,92,1494,1353.8,443.3513279556068,1353.8,0.0018763065338134,10,196560.4
32.0,6,64.0,30977.134416543573,0.0,0.0,0.0,0.1,1.0,0.0,0.0,10,0,0,0,0.0,1.0,0.0,0.0,0.0,0.0,0.0,1.0,0.0,0.0,0.0,0.0,0.0,1.0,1.0,14940,1494,1494,1494.0,0.0,1494.0,3.2281875610351564e-05,10,0.0
32.0,6,64.0,127875.12195121952,0.0,0.0,0.0,0.0,1.0,0.0,0.0,10,0,0,0,0.0,1.0,0.0,0.0,0.0,0.0,0.0,1.0,0.0,0.0,0.0,0.0,0.0,1.0,1.0,14940,1494,1494,1494.0,0.0,1494.0,0.0002214193344116,10,0.0
32.0,6,64.0,inf,0.0,0.0,0.0,0.0,1.0,0.0,0.0,10,0,0,0,0.0,1.0,0.0,0.0,0.0,0.0,0.0,1.0,0.0,0.0,0.0,0.0,0.0,1.0,1.0,14940,1494,1494,1494.0,0.0,1494.0,0.0,10,0.0
32.0,6,64.0,2503.763132760268,0.0,0.0,0.0,0.0,1.0,0.0,0.0,10,0,0,0,0.0,1.0,0.0,0.0,0.0,0.0,0.0,1.0,0.0,0.0,0.0,0.0,0.0,1.0,1.0,14940,1494,1494,1494.0,0.0,1494.0,0.0003993988037109,10,0.0
32.0,6,64.0,6596.892104435357,0.0,0.0,0.0,0.1,1.0,0.0,0.0,10,0,0,0,0.0,1.0,0.0,0.0,0.0,0.0,0.0,1.0,0.0,0.0,0.0,0.0,0.0,1.0,1.0,14940,1494,1494,1494.0,0.0,1494.0,0.0001515865325927,10,0.0
32.0,6,64.0,7468.490028490029,0.0,0.0,0.0,0.0,1.0,0.0,0.0,10,0,0,0,0.0,1.0,0.0,0.0,0.0,0.0,0.0,1.0,0.0,0.0,0.0,0.0,0.0,1.0,1.0,14940,1494,1494,1494.0,0.0,1494.0,0.0001338958740234,10,0.0
32.0,6,64.0,inf,0.0,0.0,0.0,0.1,1.0,0.0,0.0,10,0,0,0,0.0,1.0,0.0,0.0,0.0,0.0,0.0,1.0,0.0,0.0,0.0,0.0,0.0,1.0,1.0,14410,964,1494,1441.0,167.6007159889241,1441.0,0.0,10,28090.0
32.0,6,64.0,19572.11385907606,0.0,0.0,0.0,0.0,1.0,0.0,0.0,10,0,0,0,0.0,1.0,0.0,0.0,0.0,0.0,0.0,1.0,0.0,0.0,0.0,0.0,0.0,1.0,1.0,14940,1494,1494,1494.0,0.0,1494.0,0.0012392997741699,10,0.0
32.0,6,64.0,6742.17006912072,0.0,0.0,0.0,0.0,1.0,0.0,0.0,10,0,0,0,0.0,1.0,0.0,0.0,0.0,0.0,0.0,1.0,0.0,0.0,0.0,0.0,0.0,1.0,1.0,14940,1494,1494,1494.0,0.0,1494.0,0.000148320198059,10,0.0
32.0,6,64.0,7112.606410039003,0.0,0.0,0.0,0.0,1.0,0.0,0.0,10,0,0,0,0.0,1.0,0.0,0.0,0.0,0.0,0.0,1.0,0.0,0.0,0.0,0.0,0.0,1.0,1.0,14940,1494,1494,1494.0,0.0,1494.0,0.0001405954360961,10,0.0
32.0,6,64.0,18833.875168387967,0.0,0.0,0.0,0.0,1.0,0.0,0.0,10,0,0,0,0.0,1.0,0.0,0.0,0.0,0.0,0.0,1.0,0.0,0.0,0.0,0.0,0.0,1.0,1.0,14940,1494,1494,1494.0,0.0,1494.0,5.3095817565917966e-05,10,0.0
32.0,6,64.0,19266.44005512173,0.0,0.0,0.0,0.0,1.0,0.0,0.0,10,0,0,0,0.0,1.0,0.0,0.0,0.0,0.0,0.0,1.0,0.0,0.0,0.0,0.0,0.0,1.0,1.0,14940,1494,1494,1494.0,0.0,1494.0,5.190372467041016e-05,10,0.0
32.8,6,62.9,122.7463455319647,0.0,0.1,0.0,0.3,1.0,0.0,0.0,10,1,0,0,0.0,1.0,0.0,0.0,0.0,0.0,0.0,1.0,0.0,0.0,0.0,0.0,0.0,1.0,1.0,11016,66,1494,1101.6,602.8738950504768,1101.6,0.0081468820571899,10,363456.93333333335
28.0,6,80.1,84.36612324124268,0.0,0.1,0.0,0.5,0.8,0.0,0.0,8,1,0,0,0.0,0.8,0.2,0.0,0.0,0.0,0.0,0.8,0.2,0.0,0.0,0.0,0.0,1.0,1.0,5151,66,2882,515.1,888.0050612968874,515.1,0.0118664026260375,10,788552.9888888889
28.0,6,137.1,106.21341423268017,0.0,0.1,0.0,0.3,0.8,0.0,0.0,8,1,0,0,0.0,0.8,0.2,0.0,0.0,0.0,0.0,0.8,0.2,0.0,0.0,0.0,0.0,1.0,1.0,3072,66,1822,307.2,547.2959386332449,307.2,0.0136918067932128,10,299532.8444444445
32.0,6,229.6,331.3900147747833,0.0,0.0,0.0,0.4,1.0,0.0,0.0,10,0,0,0,0.0,1.0,0.0,0.0,0.0,0.0,0.0,1.0,0.0,0.0,0.0,0.0,0.0,1.0,1.0,9468,66,2922,946.8,1198.7201322892497,946.8,0.0030961990356445,10,1436929.9555555556
32.0,6,185.5,452.36726021635263,0.0,0.0,0.0,0.4,1.0,0.0,0.0,10,0,0,0,0.0,1.0,0.0,0.0,0.0,0.0,0.0,1.0,0.0,0.0,0.0,0.0,0.0,1.0,1.0,2543,66,1466,254.3,446.0854551914166,254.3,0.0022582054138183,10,198992.2333333333
32.0,6,248.0,494.7280018872376,0.0,0.0,0.0,0.0,1.0,0.0,0.0,10,0,0,0,0.0,1.0,0.0,0.0,0.0,0.0,0.0,1.0,0.0,0.0,0.0,0.0,0.0,1.0,1.0,660,66,66,66.0,0.0,66.0,0.0020214080810546,10,0.0
32.0,6,248.0,3952.416132679985,0.0,0.0,0.0,0.0,1.0,0.0,0.0,10,0,0,0,0.0,1.0,0.0,0.0,0.0,0.0,0.0,1.0,0.0,0.0,0.0,0.0,0.0,1.0,1.0,660,66,66,66.0,0.0,66.0,0.0002970933914184,10,0.0
32.0,6,248.0,492.07550711545457,0.0,0.0,0.0,0.0,1.0,0.0,0.0,10,0,0,0,0.0,1.0,0.0,0.0,0.0,0.0,0.0,1.0,0.0,0.0,0.0,0.0,0.0,1.0,1.0,660,66,66,66.0,0.0,66.0,0.00205979347229,10,0.0
32.0,6,248.0,5525.364247134765,0.0,0.0,0.0,0.0,1.0,0.0,0.0,10,0,0,0,0.0,1.0,0.0,0.0,0.0,0.0,0.0,1.0,0.0,0.0,0.0,0.0,0.0,1.0,1.0,660,66,66,66.0,0.0,66.0,0.0002012968063354,10,0.0
32.0,6,248.0,3563.857591978928,0.0,0.0,0.0,0.0,1.0,0.0,0.0,10,0,0,0,0.0,1.0,0.0,0.0,0.0,0.0,0.0,1.0,0.0,0.0,0.0,0.0,0.0,1.0,1.0,660,66,66,66.0,0.0,66.0,0.0003556013107299,10,0.0
32.0,6,235.5,1360.373637778931,0.0,0.0,0.0,0.0,1.0,0.0,0.0,10,0,0,0,0.0,1.0,0.0,0.0,0.0,0.0,0.0,1.0,0.0,0.0,0.0,0.0,0.0,1.0,1.0,660,66,66,66.0,0.0,66.0,0.0007488012313842,10,0.0
32.0,6,248.0,4374.53483521068,0.0,0.0,0.0,0.0,1.0,0.0,0.0,10,0,0,0,0.0,1.0,0.0,0.0,0.0,0.0,0.0,1.0,0.0,0.0,0.0,0.0,0.0,1.0,1.0,660,66,66,66.0,0.0,66.0,0.0008620023727416,10,0.0
32.0,6,248.0,3138.74429394597,0.0,0.0,0.0,0.0,1.0,0.0,0.0,10,0,0,0,0.0,1.0,0.0,0.0,0.0,0.0,0.0,1.0,0.0,0.0,0.0,0.0,0.0,1.0,1.0,660,66,66,66.0,0.0,66.0,0.0003185987472534,10,0.0
32.0,6,235.5,116.72146111097196,0.0,0.0,0.0,0.0,1.0,0.0,0.0,10,0,0,0,0.0,1.0,0.0,0.0,0.0,0.0,0.0,1.0,0.0,0.0,0.0,0.0,0.0,1.0,1.0,660,66,66,66.0,0.0,66.0,0.0085674047470092,10,0.0
27.2,6,87.7,47.85554469103236,0.1,0.0,0.0,0.3,0.8,0.0,0.0,8,0,1,0,0.0,0.8,0.2,0.0,0.0,0.0,0.0,0.8,0.2,0.0,0.0,0.0,0.0,1.0,1.0,1503,66,827,150.3,238.00562551708265,150.3,0.0218203067779541,10,56646.67777777779
30.4,6,81.9,40.02752289200319,0.0,0.1,0.0,0.4,0.8,0.0,0.0,8,1,0,0,0.0,0.9,0.0,0.0,0.0,0.0,0.0,0.9,0.1,0.0,0.0,0.0,0.0,1.0,1.0,1827,66,508,182.7,173.66637875855852,182.7,0.0257608890533447,10,30160.011111111107
27.2,6,74.7,57.47393374670275,0.1,0.0,0.0,0.5,0.8,0.0,0.0,8,0,1,0,0.0,0.8,0.2,0.0,0.0,0.0,0.0,0.8,0.2,0.0,0.0,0.0,0.0,1.0,1.0,3957,66,1921,395.7,572.0664394203798,395.7,0.0185900926589965,10,327260.0111111111
32.8,6,122.9,30.070316711976783,0.0,0.1,0.0,0.4,1.0,0.0,0.0,10,1,0,0,0.0,1.0,0.0,0.0,0.0,0.0,0.0,1.0,0.0,0.0,0.0,0.0,0.0,1.0,1.0,2735,66,1779,273.5,536.7246863047095,273.5,0.0406605005264282,10,288073.3888888889
32.0,6,87.6,16.806210073619006,0.0,0.0,0.0,0.7,1.0,0.0,0.0,10,0,0,0,0.0,1.0,0.0,0.0,0.0,0.0,0.0,1.0,0.0,0.0,0.0,0.0,0.0,1.0,1.0,1145,66,216,114.5,48.447566158339335,114.5,0.110347318649292,10,2347.1666666666665
32.0,6,80.7,0.3881467752176085,0.0,0.0,0.0,0.1,1.0,0.0,0.0,10,0,0,0,0.0,1.0,0.0,0.0,0.0,0.0,0.0,1.0,0.0,0.0,0.0,0.0,0.0,1.0,1.0,693,66,99,69.3,10.435516278555651,69.3,2.581355881690979,10,108.9
32.0,6,86.7,1.583173766092499,0.0,0.0,0.0,0.3,1.0,0.0,0.0,10,0,0,0,0.0,1.0,0.0,0.0,0.0,0.0,0.0,1.0,0.0,0.0,0.0,0.0,0.0,1.0,1.0,1104,66,322,110.4,90.2431283933698,110.4,0.6371141195297241,10,8143.822222222223
27.2,6,113.0,0.6456615382114489,0.0,0.0,0.0,0.1,0.8,0.0,0.0,8,0,0,0,0.0,0.8,0.0,0.0,0.0,0.0,0.0,0.8,0.2,0.0,0.0,0.0,0.0,1.0,1.0,1038,66,243,103.8,73.7455083377964,103.8,1.5538257837295533,10,5438.399999999998
28.0,6,64.0,38.18804747939825,0.1,0.1,0.0,0.2,0.7,0.0,0.0,7,1,1,0,0.0,0.8,0.2,0.0,0.0,0.0,0.0,0.8,0.2,0.0,0.0,0.0,0.0,1.0,1.0,1010,66,350,101.0,87.95453370918409,101.0,0.8021083116531372,10,7736.0
32.0,6,62.5,38.267137079299566,0.0,0.0,0.0,0.6,1.0,0.0,0.0,10,0,0,0,0.0,1.0,0.0,0.0,0.0,0.0,0.0,1.0,0.0,0.0,0.0,0.0,0.0,1.0,1.0,2199,66,1434,219.9,426.96693861078586,219.9,0.0261320829391479,10,182300.7666666666
26.8,6,72.3,57.22067380167939,0.1,0.1,0.2,0.2,0.7,0.0,0.0,7,1,1,2,0.0,0.8,0.2,0.0,0.0,0.0,0.0,0.8,0.2,0.0,0.0,0.0,0.0,1.0,1.0,4715,60,2882,471.5,904.6282539130524,471.5,0.017476201057434,10,818352.2777777778
32.0,6,79.3,5.086865825142868,0.0,0.0,0.0,0.5,1.0,0.0,0.0,10,0,0,0,0.0,1.0,0.0,0.0,0.0,0.0,0.0,1.0,0.0,0.0,0.0,0.0,0.0,1.0,1.0,1309,66,322,130.9,86.81711300838742,130.9,0.2036032199859619,10,7537.211111111112
32.0,6,81.7,1.0477717827681363,0.0,0.0,0.0,0.5,1.0,0.0,0.0,10,0,0,0,0.0,1.0,0.0,0.0,0.0,0.0,0.0,1.0,0.0,0.0,0.0,0.0,0.0,1.0,1.0,794,66,97,79.4,14.354248306492558,79.4,1.2114338874816897,10,206.04444444444445
29.6,6,67.1,0.6400457552240483,0.2,0.0,0.2,0.1,0.8,0.0,0.0,8,0,2,2,0.0,1.0,0.0,0.0,0.0,0.0,0.0,1.0,0.0,0.0,0.0,0.0,0.0,1.0,1.0,672,60,90,67.2,8.390470785361215,67.2,1.562388300895691,10,70.40000000000003
29.6,6,118.6,1.9967668432380756,0.2,0.0,0.0,0.3,0.9,0.0,0.0,9,0,2,0,0.0,0.9,0.0,0.0,0.0,0.0,0.0,0.9,0.1,0.0,0.0,0.0,0.0,1.0,1.0,1281,66,322,128.1,97.62336924231934,128.1,0.5493324995040894,10,9530.32222222222
29.6,6,94.4,0.429352640777255,0.0,0.0,0.0,0.3,0.9,0.0,0.0,9,0,0,0,0.0,0.9,0.0,0.0,0.0,0.0,0.0,0.9,0.1,0.0,0.0,0.0,0.0,1.0,1.0,909,66,243,90.9,54.6269164423547,90.9,2.4293631076812745,10,2984.1000000000017
28.0,6,64.0,39.08753893093917,0.1,0.1,0.0,0.2,0.7,0.0,0.0,7,1,1,0,0.0,0.8,0.2,0.0,0.0,0.0,0.0,0.8,0.2,0.0,0.0,0.0,0.0,1.0,1.0,2354,66,1434,235.4,430.2142102100611,235.4,0.0255836009979248,10,185084.26666666663
29.6,6,67.6,43.606451706807896,0.1,0.0,0.1,0.5,0.9,0.0,0.0,9,0,1,1,0.0,0.9,0.1,0.0,0.0,0.0,0.0,0.9,0.1,0.0,0.0,0.0,0.0,1.0,1.0,909,66,144,90.9,25.860523325460115,90.9,0.0229323863983154,10,668.7666666666667
29.2,6,65.7,38.78178183546399,0.0,0.1,0.1,0.5,0.8,0.0,0.0,8,1,0,1,0.0,0.9,0.1,0.0,0.0,0.0,0.0,0.9,0.1,0.0,0.0,0.0,0.0,1.0,1.0,4876,60,2882,487.6,897.2121265341882,487.6,0.0257853031158447,10,804989.6000000001
32.0,6,74.7,0.6866710519403133,0.0,0.0,0.0,0.4,1.0,0.0,0.0,10,0,0,0,0.0,1.0,0.0,0.0,0.0,0.0,0.0,1.0,0.0,0.0,0.0,0.0,0.0,1.0,1.0,1142,66,322,114.2,88.89544420272617,114.2,1.4657738924026489,10,7902.400000000001
27.2,6,113.0,0.664166263508644,0.0,0.0,0.0,0.2,0.8,0.0,0.0,8,0,0,0,0.0,0.8,0.0,0.0,0.0,0.0,0.0,0.8,0.2,0.0,0.0,0.0,0.0,1.0,1.0,1062,66,243,106.2,72.7626277700304,106.2,1.5542654991149902,10,5294.400000000001
32.0,6,67.2,0.351651603545461,0.1,0.0,0.0,0.4,1.0,0.0,0.0,10,0,1,0,0.0,1.0,0.0,0.0,0.0,0.0,0.0,1.0,0.0,0.0,0.0,0.0,0.0,1.0,1.0,1143,66,322,114.3,88.94448955512772,114.3,2.97167592048645,10,7911.122222222223
32.0,6,83.6,1.385438929511869,0.9,0.0,0.0,0.4,1.0,0.0,0.0,10,0,9,0,0.0,1.0,0.0,0.0,0.0,0.0,0.0,1.0,0.0,0.0,0.0,0.0,0.0,1.0,1.0,912,66,129,91.2,32.5330601081423,91.2,0.7333297014236451,10,1058.4
32.0,6,102.8,0.3664455760953965,1.0,0.0,0.0,0.3,1.0,0.0,0.0,10,0,10,0,0.0,1.0,0.0,0.0,0.0,0.0,0.0,1.0,0.0,0.0,0.0,0.0,0.0,1.0,1.0,849,66,129,84.9,30.43189116699782,84.9,2.81748878955841,10,926.1
32.0,6,102.8,0.0661182125990564,0.7,0.0,0.0,0.0,1.0,0.0,0.0,10,0,7,0,0.0,1.0,0.0,0.0,0.0,0.0,0.0,1.0,0.0,0.0,0.0,0.0,0.0,1.0,1.0,660,66,66,66.0,0.0,66.0,15.17724289894104,10,0.0
4.0,17,64.0,1.874415321112918,0.0,0.0,0.0,0.0,0.0,0.0,0.0,0,0,0,0,0.0,0.0,0.0,0.0,0.0,0.0,0.0,0.0,0.5,0.4,0.4,0.0,0.1,0.6,0.6,1933,60,355,193.3,144.70049527673822,193.3,24.775060391426088,10,20938.233333333337
16.8,6,108.6,10.482046734944149,0.0,0.1,0.0,0.1,0.3,0.0,0.0,3,1,0,0,0.0,0.4,0.1,0.0,0.0,0.0,0.0,0.4,0.4,0.0,0.1,0.0,0.1,0.9,0.9,1272,60,347,127.2,92.34933675993564,127.2,0.0983367204666137,10,8528.400000000001
19.2,6,121.3,32.20385389385783,0.0,0.0,0.0,0.4,0.5,0.0,0.0,5,0,0,0,0.0,0.5,0.1,0.0,0.0,0.0,0.0,0.5,0.4,0.0,0.1,0.0,0.0,0.9,0.9,3621,60,1443,362.1,399.7367050113529,362.1,0.0310521841049194,10,159789.43333333338
32.8,6,58.5,23.76820595352105,0.0,0.1,0.0,0.5,1.0,0.0,0.0,10,1,0,0,0.0,1.0,0.0,0.0,0.0,0.0,0.0,1.0,0.0,0.0,0.0,0.0,0.0,1.0,1.0,4027,66,2876,402.7,872.2759565896818,402.7,0.048681616783142,10,760865.3444444444
24.8,6,57.6,32.69757249424482,0.0,0.1,0.0,0.3,0.6,0.0,0.0,6,1,0,0,0.0,0.7,0.2,0.0,0.0,0.0,0.0,0.7,0.2,0.0,0.1,0.0,0.0,0.9,0.9,2692,60,1007,269.2,337.27529144931776,269.2,0.0354363918304443,10,113754.62222222224
27.2,6,102.2,88.18807045282995,0.1,0.0,0.0,0.4,0.8,0.0,0.0,8,0,1,0,0.0,0.8,0.0,0.0,0.0,0.0,0.0,0.8,0.2,0.0,0.0,0.0,0.0,1.0,1.0,3624,66,1419,362.4,472.07372305604974,362.4,0.0113394021987915,10,222853.6
19.6,6,74.9,35.15308166422776,0.0,0.1,0.3,0.2,0.3,0.0,0.0,3,1,0,3,0.0,0.6,0.4,0.0,0.0,0.0,0.0,0.6,0.4,0.0,0.0,0.0,0.0,1.0,1.0,1617,60,687,161.7,193.49823427273608,161.7,0.0303530931472778,10,37441.56666666666
32.8,6,59.6,72.32855546511789,0.1,0.1,0.0,0.6,0.9,0.0,0.0,9,1,1,0,0.0,1.0,0.0,0.0,0.0,0.0,0.0,1.0,0.0,0.0,0.0,0.0,0.0,1.0,1.0,5324,66,2882,532.4,893.87871411929,532.4,0.0147686004638671,10,799019.1555555552
27.2,6,76.1,30.86763864960557,0.0,0.0,0.0,0.2,0.8,0.0,0.0,8,0,0,0,0.0,0.8,0.2,0.0,0.0,0.0,0.0,0.8,0.2,0.0,0.0,0.0,0.0,1.0,1.0,2292,66,1434,229.2,426.3941317086288,229.2,0.032450795173645,10,181811.95555555556
30.4,6,80.0,46.91400058833991,0.0,0.1,0.0,0.4,0.9,0.0,0.0,9,1,0,0,0.0,0.9,0.0,0.0,0.0,0.0,0.0,0.9,0.1,0.0,0.0,0.0,0.0,1.0,1.0,5119,66,2882,511.9,914.5075724126071,511.9,0.024865698814392,10,836324.1
28.0,6,62.5,30.010203015685168,0.0,0.1,0.0,0.3,0.7,0.0,0.0,7,1,0,0,0.0,0.8,0.2,0.0,0.0,0.0,0.0,0.8,0.2,0.0,0.0,0.0,0.0,1.0,1.0,3405,66,2406,340.5,731.0294491712051,340.5,0.03332200050354,10,534404.0555555555
32.0,6,63.5,45.38710424426318,0.0,0.0,0.0,0.6,1.0,0.0,0.0,10,0,0,0,0.0,1.0,0.0,0.0,0.0,0.0,0.0,1.0,0.0,0.0,0.0,0.0,0.0,1.0,1.0,5621,66,2882,562.1,930.4554977715665,562.1,0.0275285005569458,10,865747.4333333335
28.0,6,73.7,47.11155441136167,0.0,0.1,0.0,0.4,0.8,0.0,0.0,8,1,0,0,0.0,0.8,0.2,0.0,0.0,0.0,0.0,0.8,0.2,0.0,0.0,0.0,0.0,1.0,1.0,5384,66,1474,538.4,580.848077287761,538.4,0.0212263107299804,10,337384.48888888885
24.8,6,79.4,10.945683957801888,0.0,0.0,0.0,0.5,0.7,0.0,0.0,7,0,0,0,0.0,0.7,0.2,0.0,0.0,0.0,0.0,0.7,0.3,0.0,0.0,0.0,0.0,1.0,1.0,1544,66,349,154.4,92.9625970186098,154.4,0.0985599994659423,10,8642.044444444442
28.8,6,64.0,68.17512292250802,0.0,0.2,0.0,0.3,0.6,0.0,0.0,6,2,0,0,0.0,0.8,0.2,0.0,0.0,0.0,0.0,0.8,0.2,0.0,0.0,0.0,0.0,1.0,1.0,1782,66,694,178.2,199.12519791438865,178.2,0.0222676038742065,10,39650.84444444444
32.0,6,64.0,442.3018275000264,0.0,0.0,0.0,0.2,1.0,0.0,0.0,10,0,0,0,0.0,1.0,0.0,0.0,0.0,0.0,0.0,1.0,0.0,0.0,0.0,0.0,0.0,1.0,1.0,1057,66,399,105.7,104.999523808444,105.7,0.0033605813980102,10,11024.899999999998
32.0,6,64.0,529.4100421578775,0.0,0.0,0.0,0.4,1.0,0.0,0.0,10,0,0,0,0.0,1.0,0.0,0.0,0.0,0.0,0.0,1.0,0.0,0.0,0.0,0.0,0.0,1.0,1.0,11911,335,1494,1191.1,455.18358933511655,1191.1,0.0018928050994873,10,207192.10000000003
32.0,6,64.0,33554.432,0.0,0.0,0.0,0.1,1.0,0.0,0.0,10,0,0,0,0.0,1.0,0.0,0.0,0.0,0.0,0.0,1.0,0.0,0.0,0.0,0.0,0.0,1.0,1.0,14940,1494,1494,1494.0,0.0,1494.0,2.9802322387695312e-05,10,0.0
32.0,6,64.0,570.9410179273921,0.0,0.0,0.0,0.1,1.0,0.0,0.0,10,0,0,0,0.0,1.0,0.0,0.0,0.0,0.0,0.0,1.0,0.0,0.0,0.0,0.0,0.0,1.0,1.0,14934,1488,1494,1493.4,1.8973665961010275,1493.4,0.0017514944076538,10,3.599999999999999
32.0,6,64.0,3511.0530721580444,0.0,0.0,0.0,0.0,1.0,0.0,0.0,10,0,0,0,0.0,1.0,0.0,0.0,0.0,0.0,0.0,1.0,0.0,0.0,0.0,0.0,0.0,1.0,1.0,14940,1494,1494,1494.0,0.0,1494.0,0.0002848148345947,10,0.0
32.0,6,64.0,inf,0.0,0.0,0.0,0.1,1.0,0.0,0.0,10,0,0,0,0.0,1.0,0.0,0.0,0.0,0.0,0.0,1.0,0.0,0.0,0.0,0.0,0.0,1.0,1.0,14940,1494,1494,1494.0,0.0,1494.0,0.0,10,0.0
32.0,6,64.0,31441.559220389805,0.0,0.0,0.0,0.0,1.0,0.0,0.0,10,0,0,0,0.0,1.0,0.0,0.0,0.0,0.0,0.0,1.0,0.0,0.0,0.0,0.0,0.0,1.0,1.0,14940,1494,1494,1494.0,0.0,1494.0,3.180503845214844e-05,10,0.0
32.0,6,64.0,712.819972468177,0.0,0.0,0.0,0.1,1.0,0.0,0.0,10,0,0,0,0.0,1.0,0.0,0.0,0.0,0.0,0.0,1.0,0.0,0.0,0.0,0.0,0.0,1.0,1.0,13596,150,1494,1359.6,425.01011752663015,1359.6,0.0014028787612915,10,180633.6
32.0,6,64.0,2856.182499148791,0.0,0.0,0.0,0.3,1.0,0.0,0.0,10,0,0,0,0.0,1.0,0.0,0.0,0.0,0.0,0.0,1.0,0.0,0.0,0.0,0.0,0.0,1.0,1.0,12436,154,1494,1243.6,529.517012631952,1243.6,0.0003501176834106,10,280388.2666666668
32.0,6,64.0,28018.06279225117,0.0,0.0,0.0,0.0,1.0,0.0,0.0,10,0,0,0,0.0,1.0,0.0,0.0,0.0,0.0,0.0,1.0,0.0,0.0,0.0,0.0,0.0,1.0,1.0,14940,1494,1494,1494.0,0.0,1494.0,3.5691261291503904e-05,10,0.0
32.0,6,64.0,inf,0.0,0.0,0.0,0.0,1.0,0.0,0.0,10,0,0,0,0.0,1.0,0.0,0.0,0.0,0.0,0.0,1.0,0.0,0.0,0.0,0.0,0.0,1.0,1.0,14940,1494,1494,1494.0,0.0,1494.0,0.0,10,0.0
32.0,6,64.0,4902.178588125292,0.0,0.0,0.0,0.0,1.0,0.0,0.0,10,0,0,0,0.0,1.0,0.0,0.0,0.0,0.0,0.0,1.0,0.0,0.0,0.0,0.0,0.0,1.0,1.0,14940,1494,1494,1494.0,0.0,1494.0,0.0002039909362792,10,0.0
32.0,6,64.0,inf,0.0,0.0,0.0,0.1,1.0,0.0,0.0,10,0,0,0,0.0,1.0,0.0,0.0,0.0,0.0,0.0,1.0,0.0,0.0,0.0,0.0,0.0,1.0,1.0,14940,1494,1494,1494.0,0.0,1494.0,0.0,10,0.0
32.0,6,64.0,5328.130081300813,0.0,0.0,0.0,0.1,1.0,0.0,0.0,10,0,0,0,0.0,1.0,0.0,0.0,0.0,0.0,0.0,1.0,0.0,0.0,0.0,0.0,0.0,1.0,1.0,14876,1430,1494,1487.6,20.23857702507762,1487.6,0.0002248048782348,10,409.5999999999997
32.0,6,64.0,19719.341795956745,0.0,0.0,0.0,0.0,1.0,0.0,0.0,10,0,0,0,0.0,1.0,0.0,0.0,0.0,0.0,0.0,1.0,0.0,0.0,0.0,0.0,0.0,1.0,1.0,14940,1494,1494,1494.0,0.0,1494.0,5.071163177490234e-05,10,0.0
32.0,6,64.0,6497.759876065066,0.0,0.0,0.0,0.0,1.0,0.0,0.0,10,0,0,0,0.0,1.0,0.0,0.0,0.0,0.0,0.0,1.0,0.0,0.0,0.0,0.0,0.0,1.0,1.0,14940,1494,1494,1494.0,0.0,1494.0,0.00015389919281,10,0.0
32.0,6,64.0,1128.8058777619292,0.0,0.0,0.0,0.0,1.0,0.0,0.0,10,0,0,0,0.0,1.0,0.0,0.0,0.0,0.0,0.0,1.0,0.0,0.0,0.0,0.0,0.0,1.0,1.0,14940,1494,1494,1494.0,0.0,1494.0,0.0008858919143676,10,0.0
32.0,6,64.0,5831.091338801612,0.0,0.0,0.0,0.0,1.0,0.0,0.0,10,0,0,0,0.0,1.0,0.0,0.0,0.0,0.0,0.0,1.0,0.0,0.0,0.0,0.0,0.0,1.0,1.0,14940,1494,1494,1494.0,0.0,1494.0,0.0001714944839477,10,0.0
32.0,6,64.0,12752.520522955305,0.0,0.0,0.0,0.0,1.0,0.0,0.0,10,0,0,0,0.0,1.0,0.0,0.0,0.0,0.0,0.0,1.0,0.0,0.0,0.0,0.0,0.0,1.0,1.0,14940,1494,1494,1494.0,0.0,1494.0,7.84158706665039e-05,10,0.0
32.0,6,64.0,19231.104997707476,0.0,0.0,0.0,0.1,1.0,0.0,0.0,10,0,0,0,0.0,1.0,0.0,0.0,0.0,0.0,0.0,1.0,0.0,0.0,0.0,0.0,0.0,1.0,1.0,14940,1494,1494,1494.0,0.0,1494.0,5.199909210205078e-05,10,0.0
32.0,6,64.0,4608.618833095265,0.0,0.0,0.0,0.0,1.0,0.0,0.0,10,0,0,0,0.0,1.0,0.0,0.0,0.0,0.0,0.0,1.0,0.0,0.0,0.0,0.0,0.0,1.0,1.0,14940,1494,1494,1494.0,0.0,1494.0,0.0002169847488403,10,0.0
32.0,6,64.0,inf,0.0,0.0,0.0,0.0,1.0,0.0,0.0,10,0,0,0,0.0,1.0,0.0,0.0,0.0,0.0,0.0,1.0,0.0,0.0,0.0,0.0,0.0,1.0,1.0,14940,1494,1494,1494.0,0.0,1494.0,0.0,10,0.0
29.6,6,70.4,65.01647770781598,0.0,0.0,0.0,0.3,0.9,0.0,0.0,9,0,0,0,0.0,0.9,0.1,0.0,0.0,0.0,0.0,0.9,0.1,0.0,0.0,0.0,0.0,1.0,1.0,6832,66,1494,683.2,674.6409415385342,683.2,0.0153807163238525,10,455140.3999999999
26.4,6,143.4,56.60848768847883,0.0,0.2,0.0,0.1,0.7,0.0,0.0,7,2,0,0,0.0,0.7,0.3,0.0,0.0,0.0,0.0,0.7,0.3,0.0,0.0,0.0,0.0,1.0,1.0,2749,66,1466,274.9,432.7666679503967,274.9,0.019631290435791,10,187286.98888888885
32.0,6,235.5,449.8009608785175,0.0,0.0,0.0,0.3,1.0,0.0,0.0,10,0,0,0,0.0,1.0,0.0,0.0,0.0,0.0,0.0,1.0,0.0,0.0,0.0,0.0,0.0,1.0,1.0,9322,66,2922,932.2,1004.8630420775428,932.2,0.0023076057434082,10,1009749.7333333336
27.2,6,211.2,572.6794101583833,0.0,0.0,0.0,0.1,0.8,0.0,0.0,8,0,0,0,0.0,0.8,0.2,0.0,0.0,0.0,0.0,0.8,0.2,0.0,0.0,0.0,0.0,1.0,1.0,830,66,212,83.0,45.59970760140172,83.0,0.0018000841140747,10,2079.333333333333
32.0,6,248.0,7179.568640876412,0.0,0.0,0.0,0.0,1.0,0.0,0.0,10,0,0,0,0.0,1.0,0.0,0.0,0.0,0.0,0.0,1.0,0.0,0.0,0.0,0.0,0.0,1.0,1.0,660,66,66,66.0,0.0,66.0,0.0001394033432006,10,0.0
32.0,6,235.5,784.6860734864925,0.0,0.0,0.0,0.1,1.0,0.0,0.0,10,0,0,0,0.0,1.0,0.0,0.0,0.0,0.0,0.0,1.0,0.0,0.0,0.0,0.0,0.0,1.0,1.0,686,66,92,68.6,8.221921916437786,68.6,0.0012982130050659,10,67.6
32.8,6,229.6,3327.7562678514755,0.0,0.1,0.0,0.0,0.9,0.0,0.0,9,1,0,0,0.0,1.0,0.0,0.0,0.0,0.0,0.0,1.0,0.0,0.0,0.0,0.0,0.0,1.0,1.0,668,66,74,66.8,2.529822128134703,66.8,0.0006712913513183,10,6.399999999999999
32.0,6,248.0,11641.143491534833,0.0,0.0,0.0,0.0,1.0,0.0,0.0,10,0,0,0,0.0,1.0,0.0,0.0,0.0,0.0,0.0,1.0,0.0,0.0,0.0,0.0,0.0,1.0,1.0,660,66,66,66.0,0.0,66.0,8.590221405029297e-05,10,0.0
32.0,6,248.0,12885.726574500768,0.0,0.0,0.0,0.0,1.0,0.0,0.0,10,0,0,0,0.0,1.0,0.0,0.0,0.0,0.0,0.0,1.0,0.0,0.0,0.0,0.0,0.0,1.0,1.0,660,66,66,66.0,0.0,66.0,0.0001321077346801,10,0.0
32.0,6,248.0,21055.74297188755,0.0,0.0,0.0,0.0,1.0,0.0,0.0,10,0,0,0,0.0,1.0,0.0,0.0,0.0,0.0,0.0,1.0,0.0,0.0,0.0,0.0,0.0,1.0,1.0,660,66,66,66.0,0.0,66.0,9.968280792236329e-05,10,0.0
32.0,6,248.0,714.1793662415502,0.0,0.0,0.0,0.0,1.0,0.0,0.0,10,0,0,0,0.0,1.0,0.0,0.0,0.0,0.0,0.0,1.0,0.0,0.0,0.0,0.0,0.0,1.0,1.0,660,66,66,66.0,0.0,66.0,0.00142822265625,10,0.0
32.0,6,248.0,7402.583833392164,0.0,0.0,0.0,0.0,1.0,0.0,0.0,10,0,0,0,0.0,1.0,0.0,0.0,0.0,0.0,0.0,1.0,0.0,0.0,0.0,0.0,0.0,1.0,1.0,660,66,66,66.0,0.0,66.0,0.0001351833343505,10,0.0
32.0,6,248.0,8526.741207562512,0.0,0.0,0.0,0.0,1.0,0.0,0.0,10,0,0,0,0.0,1.0,0.0,0.0,0.0,0.0,0.0,1.0,0.0,0.0,0.0,0.0,0.0,1.0,1.0,660,66,66,66.0,0.0,66.0,0.0001215934753417,10,0.0
32.0,6,248.0,7551.861721281959,0.0,0.0,0.0,0.0,1.0,0.0,0.0,10,0,0,0,0.0,1.0,0.0,0.0,0.0,0.0,0.0,1.0,0.0,0.0,0.0,0.0,0.0,1.0,1.0,660,66,66,66.0,0.0,66.0,0.000132417678833,10,0.0
32.0,6,248.0,6911.029823694184,0.0,0.0,0.0,0.0,1.0,0.0,0.0,10,0,0,0,0.0,1.0,0.0,0.0,0.0,0.0,0.0,1.0,0.0,0.0,0.0,0.0,0.0,1.0,1.0,660,66,66,66.0,0.0,66.0,0.0001446962356567,10,0.0
32.0,6,248.0,12122.265895953757,0.0,0.0,0.0,0.0,1.0,0.0,0.0,10,0,0,0,0.0,1.0,0.0,0.0,0.0,0.0,0.0,1.0,0.0,0.0,0.0,0.0,0.0,1.0,1.0,660,66,66,66.0,0.0,66.0,8.258819580078124e-05,10,0.0
32.0,6,248.0,7385.638316605036,0.0,0.0,0.0,0.0,1.0,0.0,0.0,10,0,0,0,0.0,1.0,0.0,0.0,0.0,0.0,0.0,1.0,0.0,0.0,0.0,0.0,0.0,1.0,1.0,660,66,66,66.0,0.0,66.0,0.0001353979110717,10,0.0
32.0,6,248.0,8473.341414141414,0.0,0.0,0.0,0.0,1.0,0.0,0.0,10,0,0,0,0.0,1.0,0.0,0.0,0.0,0.0,0.0,1.0,0.0,0.0,0.0,0.0,0.0,1.0,1.0,660,66,66,66.0,0.0,66.0,0.0001180171966552,10,0.0
32.0,6,248.0,8284.226743037725,0.0,0.0,0.0,0.0,1.0,0.0,0.0,10,0,0,0,0.0,1.0,0.0,0.0,0.0,0.0,0.0,1.0,0.0,0.0,0.0,0.0,0.0,1.0,1.0,660,66,66,66.0,0.0,66.0,0.0007606983184814,10,0.0
32.0,6,248.0,9320.675555555556,0.0,0.0,0.0,0.0,1.0,0.0,0.0,10,0,0,0,0.0,1.0,0.0,0.0,0.0,0.0,0.0,1.0,0.0,0.0,0.0,0.0,0.0,1.0,1.0,660,66,66,66.0,0.0,66.0,0.0001324892044067,10,0.0
32.0,6,248.0,6692.682304132759,0.0,0.0,0.0,0.0,1.0,0.0,0.0,10,0,0,0,0.0,1.0,0.0,0.0,0.0,0.0,0.0,1.0,0.0,0.0,0.0,0.0,0.0,1.0,1.0,660,66,66,66.0,0.0,66.0,0.0002004146575927,10,0.0
32.0,6,248.0,12690.783661119516,0.0,0.0,0.0,0.0,1.0,0.0,0.0,10,0,0,0,0.0,1.0,0.0,0.0,0.0,0.0,0.0,1.0,0.0,0.0,0.0,0.0,0.0,1.0,1.0,660,66,66,66.0,0.0,66.0,0.0001365900039672,10,0.0
32.0,6,248.0,8912.67318317042,0.0,0.0,0.0,0.0,1.0,0.0,0.0,10,0,0,0,0.0,1.0,0.0,0.0,0.0,0.0,0.0,1.0,0.0,0.0,0.0,0.0,0.0,1.0,1.0,660,66,66,66.0,0.0,66.0,0.0001338005065917,10,0.0
32.0,6,198.0,827.8177117255808,0.0,0.0,0.0,0.3,1.0,0.0,0.0,10,0,0,0,0.0,1.0,0.0,0.0,0.0,0.0,0.0,1.0,0.0,0.0,0.0,0.0,0.0,1.0,1.0,2114,66,1466,211.4,440.9643976558652,211.4,0.0012080907821655,10,194449.6
32.0,6,87.6,101.92744089293048,0.0,0.0,0.0,0.4,1.0,0.0,0.0,10,0,0,0,0.0,1.0,0.0,0.0,0.0,0.0,0.0,1.0,0.0,0.0,0.0,0.0,0.0,1.0,1.0,3001,66,1435,300.1,444.4895824301048,300.1,0.0098110198974609,10,197570.9888888889
28.0,6,82.4,49.33233280091836,0.1,0.1,0.0,0.3,0.7,0.0,0.0,7,1,1,0,0.0,0.8,0.2,0.0,0.0,0.0,0.0,0.8,0.2,0.0,0.0,0.0,0.0,1.0,1.0,1647,66,827,164.7,238.5535346392689,164.7,0.0202706813812255,10,56907.78888888888
27.2,6,76.8,83.39869800883636,0.0,0.0,0.0,0.4,0.8,0.0,0.0,8,0,0,0,0.0,0.8,0.2,0.0,0.0,0.0,0.0,0.8,0.2,0.0,0.0,0.0,0.0,1.0,1.0,3209,66,1435,320.9,425.5013905186836,320.9,0.0121394157409667,10,181051.4333333333
30.4,6,66.3,48.81905783952335,0.0,0.1,0.0,0.6,0.9,0.0,0.0,9,1,0,0,0.0,0.9,0.1,0.0,0.0,0.0,0.0,0.9,0.1,0.0,0.0,0.0,0.0,1.0,1.0,5954,66,2882,595.4,876.5924176415551,595.4,0.0236240863800048,10,768414.2666666666
30.4,6,66.2,51.28520405605504,0.1,0.1,0.0,0.3,0.9,0.0,0.0,9,1,1,0,0.0,0.9,0.1,0.0,0.0,0.0,0.0,0.9,0.1,0.0,0.0,0.0,0.0,1.0,1.0,4726,66,1474,472.6,614.8158170451447,472.6,0.0196124076843261,10,377998.4888888889
32.0,6,75.3,33.394884599338205,0.1,0.0,0.0,0.5,1.0,0.0,0.0,10,0,1,0,0.0,1.0,0.0,0.0,0.0,0.0,0.0,1.0,0.0,0.0,0.0,0.0,0.0,1.0,1.0,1496,66,477,149.6,146.87122099157327,149.6,0.0299447059631347,10,21571.155555555557
25.6,6,83.1,40.25699647368896,0.0,0.1,0.0,0.2,0.6,0.0,0.0,6,1,0,0,0.0,0.7,0.2,0.0,0.0,0.0,0.0,0.7,0.3,0.0,0.0,0.0,0.0,1.0,1.0,1563,66,508,156.3,176.9570255426127,156.3,0.0265184879302978,10,31313.78888888889
32.0,6,60.1,61.40354164714701,0.1,0.0,0.0,0.6,1.0,0.0,0.0,10,0,1,0,0.0,1.0,0.0,0.0,0.0,0.0,0.0,1.0,0.0,0.0,0.0,0.0,0.0,1.0,1.0,3456,66,1921,345.6,567.4414703052838,345.6,0.0218377113342285,10,321989.8222222223
28.0,6,111.5,31.290478282893467,0.0,0.1,0.0,0.2,0.8,0.0,0.0,8,1,0,0,0.0,0.8,0.2,0.0,0.0,0.0,0.0,0.8,0.2,0.0,0.0,0.0,0.0,1.0,1.0,2856,66,1779,285.6,532.9159199890522,285.6,0.0319586992263793,10,283999.37777777785
32.0,6,87.6,9.144228521995135,0.0,0.0,0.0,0.7,1.0,0.0,0.0,10,0,0,0,0.0,1.0,0.0,0.0,0.0,0.0,0.0,1.0,0.0,0.0,0.0,0.0,0.0,1.0,1.0,1144,66,216,114.4,48.48184081580328,114.4,0.115012502670288,10,2350.488888888889
32.0,6,92.5,0.7667201753713292,0.0,0.0,0.0,0.2,1.0,0.0,0.0,10,0,0,0,0.0,1.0,0.0,0.0,0.0,0.0,0.0,1.0,0.0,0.0,0.0,0.0,0.0,1.0,1.0,727,66,100,72.7,14.12680666911906,72.7,1.308660888671875,10,199.56666666666672
32.0,6,87.3,2.7606569992753967,0.0,0.0,0.0,0.1,1.0,0.0,0.0,10,0,0,0,0.0,1.0,0.0,0.0,0.0,0.0,0.0,1.0,0.0,0.0,0.0,0.0,0.0,1.0,1.0,916,66,322,91.6,80.95430810031051,91.6,1.5047938108444214,10,6553.6
27.2,6,106.5,0.7139169277094396,0.0,0.0,0.0,0.3,0.8,0.0,0.0,8,0,0,0,0.0,0.8,0.0,0.0,0.0,0.0,0.0,0.8,0.2,0.0,0.0,0.0,0.0,1.0,1.0,1226,66,243,122.6,80.73991165051726,122.6,1.440126085281372,10,6518.933333333333
28.0,6,69.9,1.201663550226956,0.1,0.1,0.0,0.1,0.7,0.0,0.0,7,1,1,0,0.0,0.8,0.2,0.0,0.0,0.0,0.0,0.8,0.2,0.0,0.0,0.0,0.0,1.0,1.0,726,66,90,72.6,9.323804659758448,72.6,1.2242928981781005,10,86.93333333333334
32.0,6,63.0,31.258507153013984,0.0,0.0,0.0,0.6,1.0,0.0,0.0,10,0,0,0,0.0,1.0,0.0,0.0,0.0,0.0,0.0,1.0,0.0,0.0,0.0,0.0,0.0,1.0,1.0,2483,66,1434,248.3,425.4062241617482,248.3,0.0321578025817871,10,180970.4555555556
26.8,6,72.3,59.57632005818,0.1,0.1,0.2,0.0,0.7,0.0,0.0,7,1,1,2,0.0,0.8,0.2,0.0,0.0,0.0,0.0,0.8,0.2,0.0,0.0,0.0,0.0,1.0,1.0,2280,60,1474,228.0,440.31705748370814,228.0,0.0168323993682861,10,193879.11111111112
32.0,6,78.9,3.505584876227722,0.0,0.0,0.0,0.6,1.0,0.0,0.0,10,0,0,0,0.0,1.0,0.0,0.0,0.0,0.0,0.0,1.0,0.0,0.0,0.0,0.0,0.0,1.0,1.0,3580,66,1474,358.0,501.95307438931866,358.0,0.285263705253601,10,251956.88888888888
32.0,6,81.1,1.147502757815045,0.0,0.0,0.0,0.5,1.0,0.0,0.0,10,0,0,0,0.0,1.0,0.0,0.0,0.0,0.0,0.0,1.0,0.0,0.0,0.0,0.0,0.0,1.0,1.0,934,66,230,93.4,49.958204753796174,93.4,0.8766140937805176,10,2495.822222222223
29.6,6,61.2,0.833215084565698,0.2,0.0,0.2,0.2,0.8,0.0,0.0,8,0,2,2,0.0,1.0,0.0,0.0,0.0,0.0,0.0,1.0,0.0,0.0,0.0,0.0,0.0,1.0,1.0,696,60,90,69.6,11.02723900167218,69.6,1.4577505111694335,10,121.60000000000004
32.0,6,124.3,1.5998100811396596,0.2,0.0,0.0,0.2,1.0,0.0,0.0,10,0,2,0,0.0,1.0,0.0,0.0,0.0,0.0,0.0,1.0,0.0,0.0,0.0,0.0,0.0,1.0,1.0,940,66,322,94.0,80.4653134379446,94.0,0.6732740879058838,10,6474.666666666667
27.2,6,107.0,0.7571670077251613,0.0,0.0,0.0,0.2,0.8,0.0,0.0,8,0,0,0,0.0,0.8,0.0,0.0,0.0,0.0,0.0,0.8,0.2,0.0,0.0,0.0,0.0,1.0,1.0,1202,66,243,120.2,82.16081791218974,120.2,1.3258217096328735,10,6750.4
28.0,6,69.9,0.7628495826765888,0.1,0.1,0.0,0.3,0.7,0.0,0.0,7,1,1,0,0.0,0.8,0.2,0.0,0.0,0.0,0.0,0.8,0.2,0.0,0.0,0.0,0.0,1.0,1.0,1034,66,350,103.4,87.21773519951853,103.4,1.3540337085723877,10,7606.933333333332
29.6,6,68.8,33.25584769703693,0.1,0.0,0.0,0.5,0.9,0.0,0.0,9,0,1,0,0.0,0.9,0.1,0.0,0.0,0.0,0.0,0.9,0.1,0.0,0.0,0.0,0.0,1.0,1.0,2341,66,1434,234.1,424.00195230158505,234.1,0.0300698995590209,10,179777.6555555556
29.2,6,65.5,51.00710448037086,0.0,0.1,0.2,0.3,0.8,0.0,0.0,8,1,0,2,0.0,0.9,0.1,0.0,0.0,0.0,0.0,0.9,0.1,0.0,0.0,0.0,0.0,1.0,1.0,4652,60,2882,465.2,906.8837730259472,465.2,0.0196769952774047,10,822438.1777777779
32.0,6,67.8,1.796705627307672,0.0,0.0,0.0,0.5,1.0,0.0,0.0,10,0,0,0,0.0,1.0,0.0,0.0,0.0,0.0,0.0,1.0,0.0,0.0,0.0,0.0,0.0,1.0,1.0,1261,66,322,126.1,87.27663553959394,126.1,0.5565742015838623,10,7617.211111111111
27.2,6,119.4,0.5103637024492531,0.0,0.0,0.0,0.3,0.8,0.0,0.0,8,0,0,0,0.0,0.8,0.0,0.0,0.0,0.0,0.0,0.8,0.2,0.0,0.0,0.0,0.0,1.0,1.0,1093,66,243,109.3,71.50920686643549,109.3,2.002518892288208,10,5113.566666666666
32.0,6,64.6,0.3051188318249717,0.7,0.0,0.0,0.6,1.0,0.0,0.0,10,0,7,0,0.0,1.0,0.0,0.0,0.0,0.0,0.0,1.0,0.0,0.0,0.0,0.0,0.0,1.0,1.0,975,66,129,97.5,29.90819285747636,97.5,4.080492711067199,10,894.5
32.0,6,102.8,0.3794912014320963,1.0,0.0,0.0,0.3,1.0,0.0,0.0,10,0,10,0,0.0,1.0,0.0,0.0,0.0,0.0,0.0,1.0,0.0,0.0,0.0,0.0,0.0,1.0,1.0,849,66,129,84.9,30.43189116699782,84.9,2.660617399215698,10,926.0999999999998
32.0,6,115.6,0.5741459595551839,0.9,0.0,0.0,0.0,1.0,0.0,0.0,10,0,9,0,0.0,1.0,0.0,0.0,0.0,0.0,0.0,1.0,0.0,0.0,0.0,0.0,0.0,1.0,1.0,660,66,66,66.0,0.0,66.0,2.0412129878997805,10,0.0
16.0,6,68.0,0.0247706261722543,0.1,0.0,0.0,0.0,0.4,0.0,0.0,4,0,1,0,0.0,0.4,0.0,0.0,0.0,0.0,0.0,0.4,0.4,0.4,0.2,0.0,0.0,0.8,0.8,1783,60,355,178.3,147.592569822016,178.3,42.060006093978885,10,21783.566666666666
12.8,0,76.7,3.854666625371849,0.0,0.1,0.0,0.1,0.2,0.0,0.0,2,1,0,0,0.0,0.3,0.1,0.0,0.0,0.0,0.0,0.3,0.3,0.0,0.3,0.0,0.1,0.7,0.7,1212,60,347,121.2,99.27940370489743,121.2,0.4244203090667724,10,9856.4
18.4,6,95.9,33.43295003276096,0.0,0.0,0.0,0.3,0.5,0.0,0.0,5,0,0,0,0.0,0.5,0.1,0.0,0.0,0.0,0.0,0.5,0.3,0.0,0.1,0.0,0.1,0.9,0.9,2927,60,1443,292.7,419.6943464528018,292.7,0.0353003025054931,10,176143.34444444443
25.6,6,118.2,33.869827836816434,0.0,0.1,0.0,0.3,0.7,0.0,0.0,7,1,0,0,0.0,0.7,0.0,0.0,0.0,0.0,0.0,0.7,0.3,0.0,0.0,0.0,0.0,1.0,1.0,4433,66,2876,443.3,863.7266864517322,443.3,0.0307842969894409,10,746023.7888888889
28.0,6,61.6,27.70981195822292,0.0,0.1,0.0,0.5,0.7,0.0,0.0,7,1,0,0,0.0,0.8,0.2,0.0,0.0,0.0,0.0,0.8,0.2,0.0,0.0,0.0,0.0,1.0,1.0,2679,66,1007,267.9,306.3086497128165,267.9,0.0437993049621582,10,93824.9888888889
32.0,6,64.0,70.15082840216893,0.0,0.0,0.0,0.5,1.0,0.0,0.0,10,0,0,0,0.0,1.0,0.0,0.0,0.0,0.0,0.0,1.0,0.0,0.0,0.0,0.0,0.0,1.0,1.0,3681,66,1419,368.1,486.1914232069505,368.1,0.0218714952468872,10,236382.10000000003
18.0,6,88.3,47.47840477783325,0.1,0.0,0.3,0.2,0.3,0.0,0.0,3,0,1,3,0.0,0.6,0.2,0.0,0.0,0.0,0.0,0.6,0.3,0.0,0.1,0.0,0.0,0.9,0.9,1750,60,687,175.0,194.5364861521983,175.0,0.0210745096206665,10,37844.444444444445
26.4,6,79.4,70.0697305334202,0.0,0.2,0.0,0.4,0.6,0.0,0.0,6,2,0,0,0.0,0.7,0.2,0.0,0.0,0.0,0.0,0.7,0.3,0.0,0.0,0.0,0.0,1.0,1.0,5348,66,2882,534.8,892.8248303994338,534.8,0.021871280670166,10,797136.1777777778
32.0,6,61.9,70.82699809182864,0.1,0.0,0.0,0.4,1.0,0.0,0.0,10,0,1,0,0.0,1.0,0.0,0.0,0.0,0.0,0.0,1.0,0.0,0.0,0.0,0.0,0.0,1.0,1.0,2481,66,1434,248.1,426.77874829939697,248.1,0.0178933143615722,10,182140.10000000003
28.0,6,75.2,33.33209360283167,0.0,0.1,0.0,0.2,0.8,0.0,0.0,8,1,0,0,0.0,0.8,0.2,0.0,0.0,0.0,0.0,0.8,0.2,0.0,0.0,0.0,0.0,1.0,1.0,3744,66,2882,374.4,882.4718062855543,374.4,0.035125708580017,10,778756.4888888889
24.8,6,80.6,23.457603761892937,0.0,0.0,0.0,0.4,0.7,0.0,0.0,7,0,0,0,0.0,0.7,0.2,0.0,0.0,0.0,0.0,0.7,0.3,0.0,0.0,0.0,0.0,1.0,1.0,4592,66,2402,459.2,780.3000562461712,459.2,0.0426556825637817,10,608868.1777777779
32.8,6,63.5,44.05790768468001,0.0,0.1,0.0,0.4,0.9,0.0,0.0,9,1,0,0,0.0,1.0,0.0,0.0,0.0,0.0,0.0,1.0,0.0,0.0,0.0,0.0,0.0,1.0,1.0,3035,66,1434,303.5,451.8798389936078,303.5,0.0257277965545654,10,204195.38888888888
28.0,6,75.2,30.801063345425707,0.0,0.1,0.0,0.5,0.8,0.0,0.0,8,1,0,0,0.0,0.8,0.2,0.0,0.0,0.0,0.0,0.8,0.2,0.0,0.0,0.0,0.0,1.0,1.0,4419,66,2882,441.9,867.1274992756255,441.9,0.0324664115905761,10,751910.1
32.0,6,58.8,57.05550197448876,0.0,0.0,0.0,0.7,1.0,0.0,0.0,10,0,0,0,0.0,1.0,0.0,0.0,0.0,0.0,0.0,1.0,0.0,0.0,0.0,0.0,0.0,1.0,1.0,5072,66,2882,507.2,889.0277835928415,507.2,0.0247473001480102,10,790370.4000000003
21.6,6,83.1,10.15130495562696,0.0,0.2,0.0,0.1,0.3,0.0,0.0,3,2,0,0,0.0,0.5,0.4,0.0,0.0,0.0,0.0,0.5,0.5,0.0,0.0,0.0,0.0,1.0,1.0,1375,66,349,137.5,110.05276512251343,137.5,0.1112852096557617,10,12111.611111111111
32.0,6,64.0,265.0412319669386,0.0,0.0,0.0,0.3,1.0,0.0,0.0,10,0,0,0,0.0,1.0,0.0,0.0,0.0,0.0,0.0,1.0,0.0,0.0,0.0,0.0,0.0,1.0,1.0,1715,66,694,171.5,211.55679563128615,171.5,0.0037729978561401,10,44756.27777777778
32.0,6,64.0,914.66852756455,0.0,0.0,0.0,0.4,1.0,0.0,0.0,10,0,0,0,0.0,1.0,0.0,0.0,0.0,0.0,0.0,1.0,0.0,0.0,0.0,0.0,0.0,1.0,1.0,8637,66,1494,863.7,654.3342757677029,863.7,0.0010932922363281,10,428153.34444444434
32.0,6,64.0,566.7672017728771,0.0,0.0,0.0,0.0,1.0,0.0,0.0,10,0,0,0,0.0,1.0,0.0,0.0,0.0,0.0,0.0,1.0,0.0,0.0,0.0,0.0,0.0,1.0,1.0,14940,1494,1494,1494.0,0.0,1494.0,0.0017643928527832,10,0.0
32.0,6,64.0,5885.916362615773,0.0,0.0,0.0,0.1,1.0,0.0,0.0,10,0,0,0,0.0,1.0,0.0,0.0,0.0,0.0,0.0,1.0,0.0,0.0,0.0,0.0,0.0,1.0,1.0,14940,1494,1494,1494.0,0.0,1494.0,0.0001698970794677,10,0.0
32.0,6,64.0,627.9368216183846,0.0,0.0,0.0,0.0,1.0,0.0,0.0,10,0,0,0,0.0,1.0,0.0,0.0,0.0,0.0,0.0,1.0,0.0,0.0,0.0,0.0,0.0,1.0,1.0,14940,1494,1494,1494.0,0.0,1494.0,0.0015925168991088,10,0.0
32.0,6,64.0,inf,0.0,0.0,0.0,0.2,1.0,0.0,0.0,10,0,0,0,0.0,1.0,0.0,0.0,0.0,0.0,0.0,1.0,0.0,0.0,0.0,0.0,0.0,1.0,1.0,14002,556,1494,1400.2,296.621644523794,1400.2,0.0,10,87984.39999999998
32.0,6,64.0,2782.475786121799,0.0,0.0,0.0,0.0,1.0,0.0,0.0,10,0,0,0,0.0,1.0,0.0,0.0,0.0,0.0,0.0,1.0,0.0,0.0,0.0,0.0,0.0,1.0,1.0,14940,1494,1494,1494.0,0.0,1494.0,0.0003593921661376,10,0.0
32.0,6,64.0,inf,0.0,0.0,0.0,0.0,1.0,0.0,0.0,10,0,0,0,0.0,1.0,0.0,0.0,0.0,0.0,0.0,1.0,0.0,0.0,0.0,0.0,0.0,1.0,1.0,14940,1494,1494,1494.0,0.0,1494.0,0.0,10,0.0
32.0,6,64.0,734.3740588997443,0.0,0.0,0.0,0.5,1.0,0.0,0.0,10,0,0,0,0.0,1.0,0.0,0.0,0.0,0.0,0.0,1.0,0.0,0.0,0.0,0.0,0.0,1.0,1.0,11078,150,1494,1107.8,616.4705634136601,1107.8,0.0013617038726806,10,380035.9555555555
32.0,6,64.0,7071.832743213623,0.0,0.0,0.0,0.0,1.0,0.0,0.0,10,0,0,0,0.0,1.0,0.0,0.0,0.0,0.0,0.0,1.0,0.0,0.0,0.0,0.0,0.0,1.0,1.0,14940,1494,1494,1494.0,0.0,1494.0,0.0001414060592651,10,0.0
32.0,6,64.0,15482.849760059062,0.0,0.0,0.0,0.0,1.0,0.0,0.0,10,0,0,0,0.0,1.0,0.0,0.0,0.0,0.0,0.0,1.0,0.0,0.0,0.0,0.0,0.0,1.0,1.0,14940,1494,1494,1494.0,0.0,1494.0,6.458759307861328e-05,10,0.0
32.0,6,64.0,17985.866209262436,0.0,0.0,0.0,0.0,1.0,0.0,0.0,10,0,0,0,0.0,1.0,0.0,0.0,0.0,0.0,0.0,1.0,0.0,0.0,0.0,0.0,0.0,1.0,1.0,14940,1494,1494,1494.0,0.0,1494.0,5.559921264648437e-05,10,0.0
32.0,6,64.0,19490.260223048328,0.0,0.0,0.0,0.1,1.0,0.0,0.0,10,0,0,0,0.0,1.0,0.0,0.0,0.0,0.0,0.0,1.0,0.0,0.0,0.0,0.0,0.0,1.0,1.0,14940,1494,1494,1494.0,0.0,1494.0,5.130767822265625e-05,10,0.0
32.0,6,64.0,7406.505385837895,0.0,0.0,0.0,0.1,1.0,0.0,0.0,10,0,0,0,0.0,1.0,0.0,0.0,0.0,0.0,0.0,1.0,0.0,0.0,0.0,0.0,0.0,1.0,1.0,14876,1430,1494,1487.6,20.23857702507762,1487.6,0.000278902053833,10,409.5999999999998
32.0,6,64.0,inf,0.0,0.0,0.0,0.0,1.0,0.0,0.0,10,0,0,0,0.0,1.0,0.0,0.0,0.0,0.0,0.0,1.0,0.0,0.0,0.0,0.0,0.0,1.0,1.0,14940,1494,1494,1494.0,0.0,1494.0,0.0,10,0.0
32.0,6,64.0,26462.485804416403,0.0,0.0,0.0,0.0,1.0,0.0,0.0,10,0,0,0,0.0,1.0,0.0,0.0,0.0,0.0,0.0,1.0,0.0,0.0,0.0,0.0,0.0,1.0,1.0,14940,1494,1494,1494.0,0.0,1494.0,3.7789344787597656e-05,10,0.0
32.0,6,64.0,162.94064402341763,0.0,0.0,0.0,0.0,1.0,0.0,0.0,10,0,0,0,0.0,1.0,0.0,0.0,0.0,0.0,0.0,1.0,0.0,0.0,0.0,0.0,0.0,1.0,1.0,14940,1494,1494,1494.0,0.0,1494.0,0.006137204170227,10,0.0
32.0,6,64.0,inf,0.0,0.0,0.0,0.0,1.0,0.0,0.0,10,0,0,0,0.0,1.0,0.0,0.0,0.0,0.0,0.0,1.0,0.0,0.0,0.0,0.0,0.0,1.0,1.0,14940,1494,1494,1494.0,0.0,1494.0,2.2792816162109374e-05,10,0.0
32.0,6,64.0,inf,0.0,0.0,0.0,0.0,1.0,0.0,0.0,10,0,0,0,0.0,1.0,0.0,0.0,0.0,0.0,0.0,1.0,0.0,0.0,0.0,0.0,0.0,1.0,1.0,14940,1494,1494,1494.0,0.0,1494.0,0.0,10,0.0
32.0,6,64.0,15011.825340014317,0.0,0.0,0.0,0.0,1.0,0.0,0.0,10,0,0,0,0.0,1.0,0.0,0.0,0.0,0.0,0.0,1.0,0.0,0.0,0.0,0.0,0.0,1.0,1.0,14940,1494,1494,1494.0,0.0,1494.0,6.661415100097656e-05,10,0.0
32.0,6,64.0,6514.917676296986,0.0,0.0,0.0,0.1,1.0,0.0,0.0,10,0,0,0,0.0,1.0,0.0,0.0,0.0,0.0,0.0,1.0,0.0,0.0,0.0,0.0,0.0,1.0,1.0,14940,1494,1494,1494.0,0.0,1494.0,0.0001534938812255,10,0.0
32.0,6,64.0,inf,0.0,0.0,0.0,0.1,1.0,0.0,0.0,10,0,0,0,0.0,1.0,0.0,0.0,0.0,0.0,0.0,1.0,0.0,0.0,0.0,0.0,0.0,1.0,1.0,12686,66,1494,1268.6,495.917600682479,1268.6,0.0,10,245934.26666666672
21.6,6,89.0,43.62604558664145,0.0,0.2,0.0,0.2,0.4,0.0,0.0,4,2,0,0,0.0,0.5,0.5,0.0,0.0,0.0,0.0,0.5,0.5,0.0,0.0,0.0,0.0,1.0,1.0,3507,74,1494,350.7,509.55122956927073,350.7,0.0229220867156982,10,259642.4555555556
30.4,6,174.1,161.00233386561848,0.0,0.1,0.0,0.3,0.9,0.0,0.0,9,1,0,0,0.0,0.9,0.1,0.0,0.0,0.0,0.0,0.9,0.1,0.0,0.0,0.0,0.0,1.0,1.0,8724,66,2922,872.4,1004.5171532189538,872.4,0.0064821004867553,10,1009054.7111111112
32.0,6,180.3,332.77826704432755,0.0,0.0,0.0,0.3,1.0,0.0,0.0,10,0,0,0,0.0,1.0,0.0,0.0,0.0,0.0,0.0,1.0,0.0,0.0,0.0,0.0,0.0,1.0,1.0,3756,66,1588,375.6,616.302811575248,375.6,0.0030278205871582,10,379829.1555555557
32.0,6,192.8,1409.2816342987703,0.0,0.0,0.0,0.2,1.0,0.0,0.0,10,0,0,0,0.0,1.0,0.0,0.0,0.0,0.0,0.0,1.0,0.0,0.0,0.0,0.0,0.0,1.0,1.0,2201,66,1435,220.1,430.2811613094138,220.1,0.0007332801818847,10,185141.8777777778
32.0,6,248.0,4410.878115469555,0.0,0.0,0.0,0.0,1.0,0.0,0.0,10,0,0,0,0.0,1.0,0.0,0.0,0.0,0.0,0.0,1.0,0.0,0.0,0.0,0.0,0.0,1.0,1.0,660,66,66,66.0,0.0,66.0,0.0011402130126953,10,0.0
32.0,6,248.0,9141.900610287708,0.0,0.0,0.0,0.0,1.0,0.0,0.0,10,0,0,0,0.0,1.0,0.0,0.0,0.0,0.0,0.0,1.0,0.0,0.0,0.0,0.0,0.0,1.0,1.0,660,66,66,66.0,0.0,66.0,0.0002059936523437,10,0.0
32.0,6,217.1,1292.663112152125,0.0,0.0,0.0,0.2,1.0,0.0,0.0,10,0,0,0,0.0,1.0,0.0,0.0,0.0,0.0,0.0,1.0,0.0,0.0,0.0,0.0,0.0,1.0,1.0,1303,66,683,130.3,194.37080827920408,130.3,0.0015763998031616,10,37780.01111111111
32.0,6,248.0,7836.890881913303,0.0,0.0,0.0,0.0,1.0,0.0,0.0,10,0,0,0,0.0,1.0,0.0,0.0,0.0,0.0,0.0,1.0,0.0,0.0,0.0,0.0,0.0,1.0,1.0,660,66,66,66.0,0.0,66.0,0.0001276016235351,10,0.0
32.0,6,248.0,6041.924517430135,0.0,0.0,0.0,0.0,1.0,0.0,0.0,10,0,0,0,0.0,1.0,0.0,0.0,0.0,0.0,0.0,1.0,0.0,0.0,0.0,0.0,0.0,1.0,1.0,660,66,66,66.0,0.0,66.0,0.0001656055450439,10,0.0
32.0,6,248.0,7999.816898722106,0.0,0.0,0.0,0.0,1.0,0.0,0.0,10,0,0,0,0.0,1.0,0.0,0.0,0.0,0.0,0.0,1.0,0.0,0.0,0.0,0.0,0.0,1.0,1.0,660,66,66,66.0,0.0,66.0,0.0001250028610229,10,0.0
27.2,6,156.0,163.81120506161025,0.1,0.0,0.0,0.1,0.8,0.0,0.0,8,0,1,0,0.0,0.8,0.2,0.0,0.0,0.0,0.0,0.8,0.2,0.0,0.0,0.0,0.0,1.0,1.0,706,66,90,70.6,8.208396784864739,70.6,0.0061045885086059,10,67.3777777777778
32.0,6,248.0,57456.21917808219,0.0,0.0,0.0,0.0,1.0,0.0,0.0,10,0,0,0,0.0,1.0,0.0,0.0,0.0,0.0,0.0,1.0,0.0,0.0,0.0,0.0,0.0,1.0,1.0,660,66,66,66.0,0.0,66.0,1.749992370605469e-05,10,0.0
32.0,6,248.0,103054.15233415231,0.0,0.0,0.0,0.0,1.0,0.0,0.0,10,0,0,0,0.0,1.0,0.0,0.0,0.0,0.0,0.0,1.0,0.0,0.0,0.0,0.0,0.0,1.0,1.0,660,66,66,66.0,0.0,66.0,9.79900360107422e-06,10,0.0
32.0,6,248.0,131482.88401253917,0.0,0.0,0.0,0.0,1.0,0.0,0.0,10,0,0,0,0.0,1.0,0.0,0.0,0.0,0.0,0.0,1.0,0.0,0.0,0.0,0.0,0.0,1.0,1.0,660,66,66,66.0,0.0,66.0,7.700920104980468e-06,10,0.0
32.0,6,248.0,84733.41414141415,0.0,0.0,0.0,0.0,1.0,0.0,0.0,10,0,0,0,0.0,1.0,0.0,0.0,0.0,0.0,0.0,1.0,0.0,0.0,0.0,0.0,0.0,1.0,1.0,660,66,66,66.0,0.0,66.0,1.1801719665527344e-05,10,0.0
32.0,6,248.0,69442.11920529802,0.0,0.0,0.0,0.0,1.0,0.0,0.0,10,0,0,0,0.0,1.0,0.0,0.0,0.0,0.0,0.0,1.0,0.0,0.0,0.0,0.0,0.0,1.0,1.0,660,66,66,66.0,0.0,66.0,1.4400482177734376e-05,10,0.0
32.0,6,248.0,208671.8407960199,0.0,0.0,0.0,0.0,1.0,0.0,0.0,10,0,0,0,0.0,1.0,0.0,0.0,0.0,0.0,0.0,1.0,0.0,0.0,0.0,0.0,0.0,1.0,1.0,660,66,66,66.0,0.0,66.0,4.792213439941407e-06,10,0.0
32.0,6,223.0,71943.46483704975,0.0,0.0,0.0,0.1,1.0,0.0,0.0,10,0,0,0,0.0,1.0,0.0,0.0,0.0,0.0,0.0,1.0,0.0,0.0,0.0,0.0,0.0,1.0,1.0,687,66,93,68.7,8.538149682454625,68.7,1.3899803161621091e-05,10,72.9
32.8,6,192.1,785.2443179690717,0.0,0.1,0.0,0.3,0.9,0.0,0.0,9,1,0,0,0.0,1.0,0.0,0.0,0.0,0.0,0.0,1.0,0.0,0.0,0.0,0.0,0.0,1.0,1.0,2524,66,1466,252.4,446.8885518535664,252.4,0.0012736082077026,10,199709.37777777773
32.0,6,211.2,273.3300315408076,0.0,0.0,0.0,0.0,1.0,0.0,0.0,10,0,0,0,0.0,1.0,0.0,0.0,0.0,0.0,0.0,1.0,0.0,0.0,0.0,0.0,0.0,1.0,1.0,660,66,66,66.0,0.0,66.0,0.0036809921264648,10,0.0
32.0,6,248.0,144631.1724137931,0.0,0.0,0.0,0.0,1.0,0.0,0.0,10,0,0,0,0.0,1.0,0.0,0.0,0.0,0.0,0.0,1.0,0.0,0.0,0.0,0.0,0.0,1.0,1.0,660,66,66,66.0,0.0,66.0,6.9141387939453125e-06,10,0.0
32.0,6,248.0,95325.09090909093,0.0,0.0,0.0,0.0,1.0,0.0,0.0,10,0,0,0,0.0,1.0,0.0,0.0,0.0,0.0,0.0,1.0,0.0,0.0,0.0,0.0,0.0,1.0,1.0,660,66,66,66.0,0.0,66.0,1.049041748046875e-05,10,0.0
32.0,6,248.0,199728.7619047619,0.0,0.0,0.0,0.0,1.0,0.0,0.0,10,0,0,0,0.0,1.0,0.0,0.0,0.0,0.0,0.0,1.0,0.0,0.0,0.0,0.0,0.0,1.0,1.0,660,66,66,66.0,0.0,66.0,5.0067901611328125e-06,10,0.0
27.2,6,119.5,96.04389212904762,0.0,0.0,0.0,0.1,0.8,0.0,0.0,8,0,0,0,0.0,0.8,0.2,0.0,0.0,0.0,0.0,0.8,0.2,0.0,0.0,0.0,0.0,1.0,1.0,1367,66,583,136.7,162.64894029097692,136.7,0.0104202032089233,10,26454.67777777777
32.8,6,79.8,42.66905395301048,0.0,0.1,0.0,0.6,1.0,0.0,0.0,10,1,0,0,0.0,1.0,0.0,0.0,0.0,0.0,0.0,1.0,0.0,0.0,0.0,0.0,0.0,1.0,1.0,7063,66,2882,706.3,903.8745057928242,706.3,0.0235889911651611,10,816989.1222222222
28.0,6,85.4,57.16179677278674,0.1,0.1,0.0,0.4,0.8,0.0,0.0,8,1,1,0,0.0,0.8,0.2,0.0,0.0,0.0,0.0,0.8,0.2,0.0,0.0,0.0,0.0,1.0,1.0,1701,66,729,170.1,201.23477168057545,170.1,0.0174942016601562,10,40495.43333333333
32.0,6,61.5,29.09853796341648,0.0,0.0,0.0,0.6,1.0,0.0,0.0,10,0,0,0,0.0,1.0,0.0,0.0,0.0,0.0,0.0,1.0,0.0,0.0,0.0,0.0,0.0,1.0,1.0,5374,66,2882,537.4,884.6709620594038,537.4,0.0350013971328735,10,782642.711111111
28.0,6,64.0,44.82478030075526,0.1,0.1,0.0,0.2,0.7,0.0,0.0,7,1,1,0,0.0,0.8,0.2,0.0,0.0,0.0,0.0,0.8,0.2,0.0,0.0,0.0,0.0,1.0,1.0,1133,66,475,113.3,127.39269994783848,113.3,0.0227056980133056,10,16228.9
29.6,6,80.3,61.10004151704748,0.0,0.0,0.0,0.6,0.9,0.0,0.0,9,0,0,0,0.0,0.9,0.0,0.0,0.0,0.0,0.0,0.9,0.1,0.0,0.0,0.0,0.0,1.0,1.0,3883,66,1921,388.3,561.3155282211799,388.3,0.0202749013900756,10,315075.1222222222
28.0,6,105.1,26.81288024512126,0.1,0.1,0.0,0.2,0.8,0.0,0.0,8,1,1,0,0.0,0.8,0.2,0.0,0.0,0.0,0.0,0.8,0.2,0.0,0.0,0.0,0.0,1.0,1.0,2587,66,1778,258.7,535.1201422733652,258.7,0.0372955083847045,10,286353.56666666665
32.0,6,87.6,8.752122141890121,0.0,0.0,0.0,0.7,1.0,0.0,0.0,10,0,0,0,0.0,1.0,0.0,0.0,0.0,0.0,0.0,1.0,0.0,0.0,0.0,0.0,0.0,1.0,1.0,1289,66,361,128.9,87.90202879721643,128.9,0.1142580986022949,10,7726.766666666667
32.0,6,92.5,0.8236889600431602,0.0,0.0,0.0,0.3,1.0,0.0,0.0,10,0,0,0,0.0,1.0,0.0,0.0,0.0,0.0,0.0,1.0,0.0,0.0,0.0,0.0,0.0,1.0,1.0,877,66,216,87.7,47.18297715631489,87.7,1.214370107650757,10,2226.233333333333
32.0,6,93.2,0.6498162450064102,0.0,0.0,0.0,0.1,1.0,0.0,0.0,10,0,0,0,0.0,1.0,0.0,0.0,0.0,0.0,0.0,1.0,0.0,0.0,0.0,0.0,0.0,1.0,1.0,916,66,322,91.6,80.95430810031051,91.6,1.5869192838668824,10,6553.6
29.6,6,87.4,0.7448162089667134,0.0,0.0,0.0,0.3,0.9,0.0,0.0,9,0,0,0,0.0,0.9,0.0,0.0,0.0,0.0,0.0,0.9,0.1,0.0,0.0,0.0,0.0,1.0,1.0,1049,66,243,104.9,70.11490569058763,104.9,1.3476507186889648,10,4916.099999999999
24.8,6,89.0,0.8104498014329352,0.1,0.0,0.0,0.1,0.7,0.0,0.0,7,0,1,0,0.0,0.7,0.2,0.0,0.0,0.0,0.0,0.7,0.3,0.0,0.0,0.0,0.0,1.0,1.0,895,66,243,89.5,54.73217619564484,89.5,1.3342695951461792,10,2995.6111111111118
32.8,6,64.0,49.29458844822621,0.0,0.1,0.0,0.4,0.9,0.0,0.0,9,1,0,0,0.0,1.0,0.0,0.0,0.0,0.0,0.0,1.0,0.0,0.0,0.0,0.0,0.0,1.0,1.0,2397,66,1434,239.7,428.6288345151056,239.7,0.0235503911972045,10,183722.67777777775
27.2,6,72.9,39.64838946000236,0.1,0.0,0.1,0.3,0.8,0.0,0.0,8,0,1,1,0.0,0.8,0.2,0.0,0.0,0.0,0.0,0.8,0.2,0.0,0.0,0.0,0.0,1.0,1.0,974,66,208,97.4,46.4834498624092,97.4,0.0252217054367065,10,2160.7111111111103
31.6,6,58.8,37.14419564379934,0.0,0.1,0.1,0.5,0.9,0.0,0.0,9,1,0,1,0.0,1.0,0.0,0.0,0.0,0.0,0.0,1.0,0.0,0.0,0.0,0.0,0.0,1.0,1.0,4734,60,2882,473.4,903.2324912963068,473.4,0.0269221067428588,10,815828.9333333331
32.0,6,93.6,1.941182903703804,0.0,0.0,0.0,0.4,1.0,0.0,0.0,10,0,0,0,0.0,1.0,0.0,0.0,0.0,0.0,0.0,1.0,0.0,0.0,0.0,0.0,0.0,1.0,1.0,1142,66,322,114.2,88.89544420272617,114.2,0.6647219896316529,10,7902.400000000001
29.6,6,67.6,2.947042933350084,0.2,0.0,0.2,0.4,0.8,0.0,0.0,8,0,2,2,0.0,1.0,0.0,0.0,0.0,0.0,0.0,1.0,0.0,0.0,0.0,0.0,0.0,1.0,1.0,744,60,90,74.4,13.62350909274112,74.4,0.7797456979751587,10,185.6
32.0,6,87.2,0.5782484304705351,0.1,0.0,0.0,0.1,1.0,0.0,0.0,10,0,1,0,0.0,1.0,0.0,0.0,0.0,0.0,0.0,1.0,0.0,0.0,0.0,0.0,0.0,1.0,1.0,684,66,90,68.4,7.58946638440411,68.4,1.741737413406372,10,57.6
27.2,6,144.1,1.0340645839196367,0.1,0.0,0.0,0.4,0.8,0.0,0.0,8,0,1,0,0.0,0.8,0.0,0.0,0.0,0.0,0.0,0.8,0.2,0.0,0.0,0.0,0.0,1.0,1.0,1482,66,322,148.2,99.26037589200548,148.2,0.9670576810836792,10,9852.622222222224
28.0,6,69.4,0.6768445586150008,0.1,0.1,0.0,0.1,0.7,0.0,0.0,7,1,1,0,0.0,0.8,0.2,0.0,0.0,0.0,0.0,0.8,0.2,0.0,0.0,0.0,0.0,1.0,1.0,726,66,90,72.6,9.323804659758448,72.6,1.7906314134597778,10,86.93333333333334
32.0,6,64.0,81.14782770202294,0.0,0.0,0.0,0.4,1.0,0.0,0.0,10,0,0,0,0.0,1.0,0.0,0.0,0.0,0.0,0.0,1.0,0.0,0.0,0.0,0.0,0.0,1.0,1.0,2389,66,1434,238.9,428.9797845534863,238.9,0.0195503950119018,10,184023.65555555557
26.8,6,72.8,32.61227638028414,0.1,0.1,0.2,0.3,0.7,0.0,0.0,7,1,1,2,0.0,0.8,0.2,0.0,0.0,0.0,0.0,0.8,0.2,0.0,0.0,0.0,0.0,1.0,1.0,966,60,208,96.6,45.43909232270283,96.6,0.0306632995605468,10,2064.7111111111108
32.0,6,59.5,3.759042243230943,0.0,0.0,0.0,0.7,1.0,0.0,0.0,10,0,0,0,0.0,1.0,0.0,0.0,0.0,0.0,0.0,1.0,0.0,0.0,0.0,0.0,0.0,1.0,1.0,5010,66,2882,501.0,892.8828466141445,501.0,0.2711470127105713,10,797239.7777777778
32.0,6,74.6,1.1301733580214572,0.0,0.0,0.0,0.5,1.0,0.0,0.0,10,0,0,0,0.0,1.0,0.0,0.0,0.0,0.0,0.0,1.0,0.0,0.0,0.0,0.0,0.0,1.0,1.0,934,66,230,93.4,49.958204753796174,93.4,0.8880091905593872,10,2495.822222222223
32.0,6,90.9,0.2209117881368276,0.6,0.0,0.0,0.2,1.0,0.0,0.0,10,0,6,0,0.0,1.0,0.0,0.0,0.0,0.0,0.0,1.0,0.0,0.0,0.0,0.0,0.0,1.0,1.0,723,66,105,72.3,13.744089638822937,72.3,4.845950293540954,10,188.9
32.0,6,77.2,0.735779955919204,0.9,0.0,0.0,0.5,1.0,0.0,0.0,10,0,9,0,0.0,1.0,0.0,0.0,0.0,0.0,0.0,1.0,0.0,0.0,0.0,0.0,0.0,1.0,1.0,975,66,129,97.5,33.20391543176798,97.5,1.3698967933654784,10,1102.5
32.0,6,109.2,0.3487975149986613,1.0,0.0,0.0,0.2,1.0,0.0,0.0,10,0,10,0,0.0,1.0,0.0,0.0,0.0,0.0,0.0,1.0,0.0,0.0,0.0,0.0,0.0,1.0,1.0,786,66,129,78.6,26.56313234541439,78.6,3.099992203712463,10,705.6000000000004
32.0,6,83.6,0.0369067755150736,0.4,0.0,0.0,0.0,1.0,0.0,0.0,5,0,2,0,0.0,1.0,0.0,0.0,0.0,0.0,0.0,1.0,0.0,0.0,0.0,0.0,0.0,1.0,1.0,330,66,66,66.0,0.0,66.0,28.83604140281677,5,0.0
